item_id,document_name,date_created,hyperlink
urn:adsk.wipprod:dm.lineage:3pwfXCKdS1Oem58u9v9kjg,ACC-HUN-XX-ZZ-M3-M-0101.pdf,2023-08-25T15:22:49.000000+00:00,https://acc.autodesk.com/docs/files/projects/d4b90f19-02b8-4410-9ca4-cd537c6a6e54?folderUrn=urn%3Aadsk.wipprod%3Afs.folder%3Aco.IX3EU_LMR_-3QKPGJy8MWA&entityId=urn%3Aadsk.wipprod%3Adm.lineage%3A3pwfXCKdS1Oem58u9v9kjg
urn:adsk.wipprod:dm.lineage:4ZZ3cJpuRe-H1BWmfNcOQA,ACC-HUN-XX-ZZ-M3-M-0109.pdf,2023-08-25T15:23:52.000000+00:00,https://acc.autodesk.com/docs/files/projects/d4b90f19-02b8-4410-9ca4-cd537c6a6e54?folderUrn=urn%3Aadsk.wipprod%3Afs.folder%3Aco.IX3EU_LMR_-3QKPGJy8MWA&entityId=urn%3Aadsk.wipprod%3Adm.lineage%3A4ZZ3cJpuRe-H1BWmfNcOQA
urn:adsk.wipprod:dm.lineage:9UiJw1kQRN6MMO4WmYAOtQ,ACC-HUN-XX-ZZ-M3-M-0201.pdf,2023-08-28T08:57:37.000000+00:00,https://acc.autodesk.com/docs/files/projects/d4b90f19-02b8-4410-9ca4-cd537c6a6e54?folderUrn=urn%3Aadsk.wipprod%3Afs.folder%3Aco.IX3EU_LMR_-3QKPGJy8MWA&entityId=urn%3Aadsk.wipprod%3Adm.lineage%3A9UiJw1kQRN6MMO4WmYAOtQ
urn:adsk.wipprod:dm.lineage:EW-fodZbSP6j4Hz3XNAyIA,ACC-HUN-XX-ZZ-M3-M-0110.pdf,2023-08-25T15:24:00.000000+00:00,https://acc.autodesk.com/docs/files/projects/d4b90f19-02b8-4410-9ca4-cd537c6a6e54?folderUrn=urn%3Aadsk.wipprod%3Afs.folder%3Aco.IX3EU_LMR_-3QKPGJy8MWA&entityId=urn%3Aadsk.wipprod%3Adm.lineage%3AEW-fodZbSP6j4Hz3XNAyIA
urn:adsk.wipprod:dm.lineage:El4-T92kQXKpsWiT5A1vGQ,ACC-HUN-XX-ZZ-M3-M-0104.pdf,2023-08-25T15:23:13.000000+00:00,https://acc.autodesk.com/docs/files/projects/d4b90f19-02b8-4410-9ca4-cd537c6a6e54?folderUrn=urn%3Aadsk.wipprod%3Afs.folder%3Aco.IX3EU_LMR_-3QKPGJy8MWA&entityId=urn%3Aadsk.wipprod%3Adm.lineage%3AEl4-T92kQXKpsWiT5A1vGQ
urn:adsk.wipprod:dm.lineage:NQE2yu6EQEqS-_UsNodpLQ,ACC-HUN-XX-ZZ-M3-M-0202.pdf,2023-08-28T08:57:45.000000+00:00,https://acc.autodesk.com/docs/files/projects/d4b90f19-02b8-4410-9ca4-cd537c6a6e54?folderUrn=urn%3Aadsk.wipprod%3Afs.folder%3Aco.IX3EU_LMR_-3QKPGJy8MWA&entityId=urn%3Aadsk.wipprod%3Adm.lineage%3ANQE2yu6EQEqS-_UsNodpLQ
urn:adsk.wipprod:dm.lineage:S-S5UmSRQ_6VmegSBphu4w,ACC-HUN-XX-ZZ-M3-M-0102.pdf,2023-08-25T15:22:57.000000+00:00,https://acc.autodesk.com/docs/files/projects/d4b90f19-02b8-4410-9ca4-cd537c6a6e54?folderUrn=urn%3Aadsk.wipprod%3Afs.folder%3Aco.IX3EU_LMR_-3QKPGJy8MWA&entityId=urn%3Aadsk.wipprod%3Adm.lineage%3AS-S5UmSRQ_6VmegSBphu4w
urn:adsk.wipprod:dm.lineage:ShQElCcQQQWYXsJ2BtFdrg,ACC-HUN-XX-ZZ-M3-M-0105.pdf,2023-08-25T15:23:21.000000+00:00,https://acc.autodesk.com/docs/files/projects/d4b90f19-02b8-4410-9ca4-cd537c6a6e54?folderUrn=urn%3Aadsk.wipprod%3Afs.folder%3Aco.IX3EU_LMR_-3QKPGJy8MWA&entityId=urn%3Aadsk.wipprod%3Adm.lineage%3AShQElCcQQQWYXsJ2BtFdrg
urn:adsk.wipprod:dm.lineage:_MiFaNx5QWCyDSRqR1Iung,ACC-HUN-XX-ZZ-M3-M-0106.pdf,2023-08-25T15:23:29.000000+00:00,https://acc.autodesk.com/docs/files/projects/d4b90f19-02b8-4410-9ca4-cd537c6a6e54?folderUrn=urn%3Aadsk.wipprod%3Afs.folder%3Aco.IX3EU_LMR_-3QKPGJy8MWA&entityId=urn%3Aadsk.wipprod%3Adm.lineage%3A_MiFaNx5QWCyDSRqR1Iung
urn:adsk.wipprod:dm.lineage:bkU4mikkQT-ya3lhofS0Zg,ACC-HUN-XX-ZZ-M3-M-0103.pdf,2023-08-25T15:23:05.000000+00:00,https://acc.autodesk.com/docs/files/projects/d4b90f19-02b8-4410-9ca4-cd537c6a6e54?folderUrn=urn%3Aadsk.wipprod%3Afs.folder%3Aco.IX3EU_LMR_-3QKPGJy8MWA&entityId=urn%3Aadsk.wipprod%3Adm.lineage%3AbkU4mikkQT-ya3lhofS0Zg
urn:adsk.wipprod:dm.lineage:fXUHlL_zQB6DA37tdyGhzQ,ACC-HUN-XX-ZZ-M3-M-0107.pdf,2023-08-25T15:23:36.000000+00:00,https://acc.autodesk.com/docs/files/projects/d4b90f19-02b8-4410-9ca4-cd537c6a6e54?folderUrn=urn%3Aadsk.wipprod%3Afs.folder%3Aco.IX3EU_LMR_-3QKPGJy8MWA&entityId=urn%3Aadsk.wipprod%3Adm.lineage%3AfXUHlL_zQB6DA37tdyGhzQ
urn:adsk.wipprod:dm.lineage:lTIwzL2SSmK5CSqprF46GA,ACC-HUN-XX-ZZ-M3-A-0501.pdf,2023-08-29T16:22:07.000000+00:00,https://acc.autodesk.com/docs/files/projects/d4b90f19-02b8-4410-9ca4-cd537c6a6e54?folderUrn=urn%3Aadsk.wipprod%3Afs.folder%3Aco.IX3EU_LMR_-3QKPGJy8MWA&entityId=urn%3Aadsk.wipprod%3Adm.lineage%3AlTIwzL2SSmK5CSqprF46GA
urn:adsk.wipprod:dm.lineage:ladQJEMjQrG-ctapJo9qMQ,ACC-HUN-XX-ZZ-M3-M-0108.pdf,2023-08-25T15:23:44.000000+00:00,https://acc.autodesk.com/docs/files/projects/d4b90f19-02b8-4410-9ca4-cd537c6a6e54?folderUrn=urn%3Aadsk.wipprod%3Afs.folder%3Aco.IX3EU_LMR_-3QKPGJy8MWA&entityId=urn%3Aadsk.wipprod%3Adm.lineage%3AladQJEMjQrG-ctapJo9qMQ
urn:adsk.wipprod:dm.lineage:oNA6Tj_cRMaMdNOiV05rmA,ACC-HUN-XX-ZZ-M3-M-0203.pdf,2023-08-28T08:57:53.000000+00:00,https://acc.autodesk.com/docs/files/projects/d4b90f19-02b8-4410-9ca4-cd537c6a6e54?folderUrn=urn%3Aadsk.wipprod%3Afs.folder%3Aco.IX3EU_LMR_-3QKPGJy8MWA&entityId=urn%3Aadsk.wipprod%3Adm.lineage%3AoNA6Tj_cRMaMdNOiV05rmA
urn:adsk.wipprod:dm.lineage:vQIxIS_ER42o7KikICRyGQ,ACC-HUN-XX-ZZ-M3-M-0204.pdf,2023-08-28T08:58:01.000000+00:00,https://acc.autodesk.com/docs/files/projects/d4b90f19-02b8-4410-9ca4-cd537c6a6e54?folderUrn=urn%3Aadsk.wipprod%3Afs.folder%3Aco.IX3EU_LMR_-3QKPGJy8MWA&entityId=urn%3Aadsk.wipprod%3Adm.lineage%3AvQIxIS_ER42o7KikICRyGQ
urn:adsk.wipprod:dm.lineage:0whrM9n0Qiu1EexB4_FplQ,ACC-HUN-XX-ZZ-M3-S-0102.pdf,2023-08-25T15:20:20.000000+00:00,https://acc.autodesk.com/docs/files/projects/d4b90f19-02b8-4410-9ca4-cd537c6a6e54?folderUrn=urn%3Aadsk.wipprod%3Afs.folder%3Aco.J8BjzoiMSlSisxHGtWJTpQ&entityId=urn%3Aadsk.wipprod%3Adm.lineage%3A0whrM9n0Qiu1EexB4_FplQ
urn:adsk.wipprod:dm.lineage:2aVeeFFkTkWUvBVO6mr0Vg,ACC-HUN-XX-ZZ-M3-S-0202.pdf,2023-08-28T08:58:17.000000+00:00,https://acc.autodesk.com/docs/files/projects/d4b90f19-02b8-4410-9ca4-cd537c6a6e54?folderUrn=urn%3Aadsk.wipprod%3Afs.folder%3Aco.J8BjzoiMSlSisxHGtWJTpQ&entityId=urn%3Aadsk.wipprod%3Adm.lineage%3A2aVeeFFkTkWUvBVO6mr0Vg
urn:adsk.wipprod:dm.lineage:2dIKe82sTbqCNsIP7HOcdQ,ACC-HUN-XX-ZZ-M3-S-0110.pdf,2023-08-25T15:21:26.000000+00:00,https://acc.autodesk.com/docs/files/projects/d4b90f19-02b8-4410-9ca4-cd537c6a6e54?folderUrn=urn%3Aadsk.wipprod%3Afs.folder%3Aco.J8BjzoiMSlSisxHGtWJTpQ&entityId=urn%3Aadsk.wipprod%3Adm.lineage%3A2dIKe82sTbqCNsIP7HOcdQ
urn:adsk.wipprod:dm.lineage:7yQLM6fyRtK0NaqrAZnJPg,ACC-HUN-XX-ZZ-M3-S-0103.pdf,2023-08-25T15:20:28.000000+00:00,https://acc.autodesk.com/docs/files/projects/d4b90f19-02b8-4410-9ca4-cd537c6a6e54?folderUrn=urn%3Aadsk.wipprod%3Afs.folder%3Aco.J8BjzoiMSlSisxHGtWJTpQ&entityId=urn%3Aadsk.wipprod%3Adm.lineage%3A7yQLM6fyRtK0NaqrAZnJPg
urn:adsk.wipprod:dm.lineage:BBTO_ZRpRNC6A3BE7PKrnA,ACC-HUN-XX-ZZ-M3-S-0203.pdf,2023-08-28T08:58:25.000000+00:00,https://acc.autodesk.com/docs/files/projects/d4b90f19-02b8-4410-9ca4-cd537c6a6e54?folderUrn=urn%3Aadsk.wipprod%3Afs.folder%3Aco.J8BjzoiMSlSisxHGtWJTpQ&entityId=urn%3Aadsk.wipprod%3Adm.lineage%3ABBTO_ZRpRNC6A3BE7PKrnA
urn:adsk.wipprod:dm.lineage:Do_OkMaYSgOoySa-fosBWw,ACC-HUN-XX-ZZ-M3-S-0101.pdf,2023-08-25T15:20:12.000000+00:00,https://acc.autodesk.com/docs/files/projects/d4b90f19-02b8-4410-9ca4-cd537c6a6e54?folderUrn=urn%3Aadsk.wipprod%3Afs.folder%3Aco.J8BjzoiMSlSisxHGtWJTpQ&entityId=urn%3Aadsk.wipprod%3Adm.lineage%3ADo_OkMaYSgOoySa-fosBWw
urn:adsk.wipprod:dm.lineage:Ee3RIOcZSTyhuRdDHYfb4Q,ACC-HUN-XX-ZZ-M3-S-0201.pdf,2023-08-28T08:58:08.000000+00:00,https://acc.autodesk.com/docs/files/projects/d4b90f19-02b8-4410-9ca4-cd537c6a6e54?folderUrn=urn%3Aadsk.wipprod%3Afs.folder%3Aco.J8BjzoiMSlSisxHGtWJTpQ&entityId=urn%3Aadsk.wipprod%3Adm.lineage%3AEe3RIOcZSTyhuRdDHYfb4Q
urn:adsk.wipprod:dm.lineage:Jw8VCeCkSVKkQgpiRqcr3Q,ACC-HUN-XX-ZZ-M3-S-0104.pdf,2023-08-25T15:20:37.000000+00:00,https://acc.autodesk.com/docs/files/projects/d4b90f19-02b8-4410-9ca4-cd537c6a6e54?folderUrn=urn%3Aadsk.wipprod%3Afs.folder%3Aco.J8BjzoiMSlSisxHGtWJTpQ&entityId=urn%3Aadsk.wipprod%3Adm.lineage%3AJw8VCeCkSVKkQgpiRqcr3Q
urn:adsk.wipprod:dm.lineage:_QVKrcyPQ2CWGnhGm14TVQ,ACC-HUN-XX-ZZ-M3-S-0108.pdf,2023-08-25T15:21:10.000000+00:00,https://acc.autodesk.com/docs/files/projects/d4b90f19-02b8-4410-9ca4-cd537c6a6e54?folderUrn=urn%3Aadsk.wipprod%3Afs.folder%3Aco.J8BjzoiMSlSisxHGtWJTpQ&entityId=urn%3Aadsk.wipprod%3Adm.lineage%3A_QVKrcyPQ2CWGnhGm14TVQ
urn:adsk.wipprod:dm.lineage:afCs1_TLRc-GruccbSoyIg,ACC-HUN-XX-ZZ-M3-S-0107.pdf,2023-08-25T15:21:02.000000+00:00,https://acc.autodesk.com/docs/files/projects/d4b90f19-02b8-4410-9ca4-cd537c6a6e54?folderUrn=urn%3Aadsk.wipprod%3Afs.folder%3Aco.J8BjzoiMSlSisxHGtWJTpQ&entityId=urn%3Aadsk.wipprod%3Adm.lineage%3AafCs1_TLRc-GruccbSoyIg
urn:adsk.wipprod:dm.lineage:f_WyD5sZRTe2AUzF3TmTWg,ACC-HUN-XX-ZZ-M3-S-0109.pdf,2023-08-25T15:21:18.000000+00:00,https://acc.autodesk.com/docs/files/projects/d4b90f19-02b8-4410-9ca4-cd537c6a6e54?folderUrn=urn%3Aadsk.wipprod%3Afs.folder%3Aco.J8BjzoiMSlSisxHGtWJTpQ&entityId=urn%3Aadsk.wipprod%3Adm.lineage%3Af_WyD5sZRTe2AUzF3TmTWg
urn:adsk.wipprod:dm.lineage:kArL-rCOS82fftsVJVAt8w,ACC-HUN-XX-ZZ-M3-S-0105.pdf,2023-08-25T15:20:45.000000+00:00,https://acc.autodesk.com/docs/files/projects/d4b90f19-02b8-4410-9ca4-cd537c6a6e54?folderUrn=urn%3Aadsk.wipprod%3Afs.folder%3Aco.J8BjzoiMSlSisxHGtWJTpQ&entityId=urn%3Aadsk.wipprod%3Adm.lineage%3AkArL-rCOS82fftsVJVAt8w
urn:adsk.wipprod:dm.lineage:m_fI0i3QSiChyn0qd0l-2A,ACC-HUN-XX-ZZ-M3-S-0106.pdf,2023-08-25T15:20:54.000000+00:00,https://acc.autodesk.com/docs/files/projects/d4b90f19-02b8-4410-9ca4-cd537c6a6e54?folderUrn=urn%3Aadsk.wipprod%3Afs.folder%3Aco.J8BjzoiMSlSisxHGtWJTpQ&entityId=urn%3Aadsk.wipprod%3Adm.lineage%3Am_fI0i3QSiChyn0qd0l-2A
urn:adsk.wipprod:dm.lineage:wjpuksmJR0K2lhp34X4vdA,ACC-HUN-XX-ZZ-M3-S-0204.pdf,2023-08-28T08:58:34.000000+00:00,https://acc.autodesk.com/docs/files/projects/d4b90f19-02b8-4410-9ca4-cd537c6a6e54?folderUrn=urn%3Aadsk.wipprod%3Afs.folder%3Aco.J8BjzoiMSlSisxHGtWJTpQ&entityId=urn%3Aadsk.wipprod%3Adm.lineage%3AwjpuksmJR0K2lhp34X4vdA
urn:adsk.wipprod:dm.lineage:-NR-ay7mTaWEqeTU89nq4g,ACC-HUN-XX-ZZ-M3-A-0009.pdf,2023-08-24T14:28:31.000000+00:00,https://acc.autodesk.com/docs/files/projects/d4b90f19-02b8-4410-9ca4-cd537c6a6e54?folderUrn=urn%3Aadsk.wipprod%3Afs.folder%3Aco.LQLapRnfRPa2wpsZUcsFbA&entityId=urn%3Aadsk.wipprod%3Adm.lineage%3A-NR-ay7mTaWEqeTU89nq4g
urn:adsk.wipprod:dm.lineage:2EapUXe8TJKUBLZFEDbfKw,ACC-HUN-XX-ZZ-M3-A-0103.pdf,2023-08-28T08:57:21.000000+00:00,https://acc.autodesk.com/docs/files/projects/d4b90f19-02b8-4410-9ca4-cd537c6a6e54?folderUrn=urn%3Aadsk.wipprod%3Afs.folder%3Aco.LQLapRnfRPa2wpsZUcsFbA&entityId=urn%3Aadsk.wipprod%3Adm.lineage%3A2EapUXe8TJKUBLZFEDbfKw
urn:adsk.wipprod:dm.lineage:3dVEwDvyQj6pCY5hZ7bmfw,ACC-HUN-XX-ZZ-M3-A-0102.pdf,2023-08-28T08:57:12.000000+00:00,https://acc.autodesk.com/docs/files/projects/d4b90f19-02b8-4410-9ca4-cd537c6a6e54?folderUrn=urn%3Aadsk.wipprod%3Afs.folder%3Aco.LQLapRnfRPa2wpsZUcsFbA&entityId=urn%3Aadsk.wipprod%3Adm.lineage%3A3dVEwDvyQj6pCY5hZ7bmfw
urn:adsk.wipprod:dm.lineage:5CMFBdFQTe62CpIBVzluww,ACC-HUN-XX-ZZ-M3-A-0101.pdf,2023-08-28T08:57:04.000000+00:00,https://acc.autodesk.com/docs/files/projects/d4b90f19-02b8-4410-9ca4-cd537c6a6e54?folderUrn=urn%3Aadsk.wipprod%3Afs.folder%3Aco.LQLapRnfRPa2wpsZUcsFbA&entityId=urn%3Aadsk.wipprod%3Adm.lineage%3A5CMFBdFQTe62CpIBVzluww
urn:adsk.wipprod:dm.lineage:6kKYFwANRomM6qs9SRczog,ACC-HUN-XX-ZZ-M3-A-0104.pdf,2023-08-28T08:57:29.000000+00:00,https://acc.autodesk.com/docs/files/projects/d4b90f19-02b8-4410-9ca4-cd537c6a6e54?folderUrn=urn%3Aadsk.wipprod%3Afs.folder%3Aco.LQLapRnfRPa2wpsZUcsFbA&entityId=urn%3Aadsk.wipprod%3Adm.lineage%3A6kKYFwANRomM6qs9SRczog
urn:adsk.wipprod:dm.lineage:6rdEjFxKThizAz65X0XTFg,ACC-HUN-XX-ZZ-M3-A-0010.pdf,2023-08-24T14:28:39.000000+00:00,https://acc.autodesk.com/docs/files/projects/d4b90f19-02b8-4410-9ca4-cd537c6a6e54?folderUrn=urn%3Aadsk.wipprod%3Afs.folder%3Aco.LQLapRnfRPa2wpsZUcsFbA&entityId=urn%3Aadsk.wipprod%3Adm.lineage%3A6rdEjFxKThizAz65X0XTFg
urn:adsk.wipprod:dm.lineage:Bs_MJJSPTqmy8UfiIrJ9yQ,ACC-HUN-XX-ZZ-M3-A-0008.pdf,2023-08-24T14:28:22.000000+00:00,https://acc.autodesk.com/docs/files/projects/d4b90f19-02b8-4410-9ca4-cd537c6a6e54?folderUrn=urn%3Aadsk.wipprod%3Afs.folder%3Aco.LQLapRnfRPa2wpsZUcsFbA&entityId=urn%3Aadsk.wipprod%3Adm.lineage%3ABs_MJJSPTqmy8UfiIrJ9yQ
urn:adsk.wipprod:dm.lineage:IH1aGfBDTBCFD7ZsAQNuEw,ACC-HUN-XX-ZZ-M3-A-0006.pdf,2023-08-24T14:28:06.000000+00:00,https://acc.autodesk.com/docs/files/projects/d4b90f19-02b8-4410-9ca4-cd537c6a6e54?folderUrn=urn%3Aadsk.wipprod%3Afs.folder%3Aco.LQLapRnfRPa2wpsZUcsFbA&entityId=urn%3Aadsk.wipprod%3Adm.lineage%3AIH1aGfBDTBCFD7ZsAQNuEw
urn:adsk.wipprod:dm.lineage:_SowQhlVRvGTViOfunIBGA,ACC-HUN-XX-ZZ-M3-A-0012.pdf,2023-08-24T14:29:21.000000+00:00,https://acc.autodesk.com/docs/files/projects/d4b90f19-02b8-4410-9ca4-cd537c6a6e54?folderUrn=urn%3Aadsk.wipprod%3Afs.folder%3Aco.LQLapRnfRPa2wpsZUcsFbA&entityId=urn%3Aadsk.wipprod%3Adm.lineage%3A_SowQhlVRvGTViOfunIBGA
urn:adsk.wipprod:dm.lineage:_ocfD47tRUmxUr0HXflldg,ACC-HUN-XX-ZZ-M3-A-0002.pdf,2023-08-24T14:27:34.000000+00:00,https://acc.autodesk.com/docs/files/projects/d4b90f19-02b8-4410-9ca4-cd537c6a6e54?folderUrn=urn%3Aadsk.wipprod%3Afs.folder%3Aco.LQLapRnfRPa2wpsZUcsFbA&entityId=urn%3Aadsk.wipprod%3Adm.lineage%3A_ocfD47tRUmxUr0HXflldg
urn:adsk.wipprod:dm.lineage:aJxQgsy4Slulh1jWCRz35Q,ACC-HUN-XX-ZZ-M3-A-0011.pdf,2023-08-24T14:28:47.000000+00:00,https://acc.autodesk.com/docs/files/projects/d4b90f19-02b8-4410-9ca4-cd537c6a6e54?folderUrn=urn%3Aadsk.wipprod%3Afs.folder%3Aco.LQLapRnfRPa2wpsZUcsFbA&entityId=urn%3Aadsk.wipprod%3Adm.lineage%3AaJxQgsy4Slulh1jWCRz35Q
urn:adsk.wipprod:dm.lineage:bU4SkyvKQ_-nLyYy-Y1y-g,ACC-HUN-XX-ZZ-M3-A-0005.pdf,2023-08-24T14:27:58.000000+00:00,https://acc.autodesk.com/docs/files/projects/d4b90f19-02b8-4410-9ca4-cd537c6a6e54?folderUrn=urn%3Aadsk.wipprod%3Afs.folder%3Aco.LQLapRnfRPa2wpsZUcsFbA&entityId=urn%3Aadsk.wipprod%3Adm.lineage%3AbU4SkyvKQ_-nLyYy-Y1y-g
urn:adsk.wipprod:dm.lineage:bxnm4GkTQRqWJ51T8YyaUw,ACC-HUN-XX-ZZ-M3-A-0001.pdf,2023-08-24T14:27:27.000000+00:00,https://acc.autodesk.com/docs/files/projects/d4b90f19-02b8-4410-9ca4-cd537c6a6e54?folderUrn=urn%3Aadsk.wipprod%3Afs.folder%3Aco.LQLapRnfRPa2wpsZUcsFbA&entityId=urn%3Aadsk.wipprod%3Adm.lineage%3Abxnm4GkTQRqWJ51T8YyaUw
urn:adsk.wipprod:dm.lineage:kv3xKS35RfWOSe-s9OfjNQ,ACC-HUN-XX-ZZ-M3-A-0007.pdf,2023-08-24T14:28:14.000000+00:00,https://acc.autodesk.com/docs/files/projects/d4b90f19-02b8-4410-9ca4-cd537c6a6e54?folderUrn=urn%3Aadsk.wipprod%3Afs.folder%3Aco.LQLapRnfRPa2wpsZUcsFbA&entityId=urn%3Aadsk.wipprod%3Adm.lineage%3Akv3xKS35RfWOSe-s9OfjNQ
urn:adsk.wipprod:dm.lineage:lEC8CukDQvGoBEgpJdmUIA,ACC-HUN-XX-ZZ-M3-A-0003.pdf,2023-08-24T14:27:42.000000+00:00,https://acc.autodesk.com/docs/files/projects/d4b90f19-02b8-4410-9ca4-cd537c6a6e54?folderUrn=urn%3Aadsk.wipprod%3Afs.folder%3Aco.LQLapRnfRPa2wpsZUcsFbA&entityId=urn%3Aadsk.wipprod%3Adm.lineage%3AlEC8CukDQvGoBEgpJdmUIA
urn:adsk.wipprod:dm.lineage:r5UygYFpTi-PGzEmgQtcIQ,ACC-HUN-XX-ZZ-M3-A-0004.pdf,2023-08-24T14:27:50.000000+00:00,https://acc.autodesk.com/docs/files/projects/d4b90f19-02b8-4410-9ca4-cd537c6a6e54?folderUrn=urn%3Aadsk.wipprod%3Afs.folder%3Aco.LQLapRnfRPa2wpsZUcsFbA&entityId=urn%3Aadsk.wipprod%3Adm.lineage%3Ar5UygYFpTi-PGzEmgQtcIQ
