Item_id,Document_id,document_name,Document_title,Shared_folder,Status,Stage,Created_at,Revision,Approval_status
urn:adsk.wipprod:fs.file:vf.JLbZzWHiRiWkRHGaYSEM8A?version=1,urn:adsk.wipprod:dm.lineage:JLbZzWHiRiWkRHGaYSEM8A,ACC-HUN-XX-ZZ-M3-A-0001.pdf,Floor Plan 1,"",A0,Brief,2023-08-25T16:54:46.000000+00:00,A,Approved w/ comments
urn:adsk.wipprod:fs.file:vf.MhENYsdZScapfQTmSXbvXg?version=1,urn:adsk.wipprod:dm.lineage:MhENYsdZScapfQTmSXbvXg,ACC-HUN-XX-ZZ-M3-A-0002.pdf,Floor Plan 2,"",A0,Brief,2023-08-25T16:54:51.000000+00:00,A,Approved
urn:adsk.wipprod:fs.file:vf.SXPYt6uSRxuNUlr64btO-A?version=1,urn:adsk.wipprod:dm.lineage:SXPYt6uSRxuNUlr64btO-A,ACC-HUN-XX-ZZ-M3-A-0003.pdf,Floor Plan 3,"",A0,Brief,2023-08-25T16:54:49.000000+00:00,A,Approved w/ comments
urn:adsk.wipprod:fs.file:vf.DrFd1hwuRmWkKitbMOWfAw?version=1,urn:adsk.wipprod:dm.lineage:DrFd1hwuRmWkKitbMOWfAw,ACC-HUN-XX-ZZ-M3-A-0011.pdf,Stairs S1,"",A1,Brief,2023-08-26T19:14:56.000000+00:00,A,Approved
urn:adsk.wipprod:fs.file:vf.7QI_qkDeSEi1Ppe696OFXg?version=1,urn:adsk.wipprod:dm.lineage:7QI_qkDeSEi1Ppe696OFXg,ACC-HUN-XX-ZZ-M3-A-0004.pdf,Floor Plan 4,"",A1,Brief,2023-08-26T19:14:58.000000+00:00,B,Approved
urn:adsk.wipprod:fs.file:vf.i6ru5NEdQ3-ezQmAqc1bxQ?version=1,urn:adsk.wipprod:dm.lineage:i6ru5NEdQ3-ezQmAqc1bxQ,ACC-HUN-XX-ZZ-M3-A-0005.pdf,Floor Plan 5,"",A1,Brief,2023-08-26T19:14:59.000000+00:00,A,Approved
urn:adsk.wipprod:fs.file:vf.ZsyV-K0NTp6ctoQj8S34yA?version=1,urn:adsk.wipprod:dm.lineage:ZsyV-K0NTp6ctoQj8S34yA,ACC-HUN-XX-ZZ-M3-A-0007.pdf,Section B,"",A1,Brief,2023-08-26T19:15:01.000000+00:00,A,Approved
urn:adsk.wipprod:fs.file:vf.9fj53H9TRx2qOLbeu4JnUA?version=1,urn:adsk.wipprod:dm.lineage:9fj53H9TRx2qOLbeu4JnUA,ACC-HUN-XX-ZZ-M3-A-0010.pdf,Section E,"",A1,Brief,2023-08-26T19:15:03.000000+00:00,A,Approved
urn:adsk.wipprod:fs.file:vf.e03ysSkdSNuuJ5O2-kIeqQ?version=1,urn:adsk.wipprod:dm.lineage:e03ysSkdSNuuJ5O2-kIeqQ,ACC-HUN-XX-ZZ-M3-A-0006.pdf,Section A,"",A1,Brief,2023-08-26T19:15:07.000000+00:00,B,Approved
urn:adsk.wipprod:fs.file:vf.nItirQj1R2GRl0-CJm4oyw?version=1,urn:adsk.wipprod:dm.lineage:nItirQj1R2GRl0-CJm4oyw,ACC-HUN-XX-ZZ-M3-A-0012.pdf,Stairs S2,"",A1,Brief,2023-08-26T19:15:05.000000+00:00,A,Approved
urn:adsk.wipprod:fs.file:vf.7gCpyUMuRMC9BFn0CpWMfA?version=1,urn:adsk.wipprod:dm.lineage:7gCpyUMuRMC9BFn0CpWMfA,ACC-HUN-XX-ZZ-M3-A-0008.pdf,Section C,"",A1,Brief,2023-08-26T19:15:11.000000+00:00,A,Approved
urn:adsk.wipprod:fs.file:vf._SblLInhThCBCtVPNvGuDg?version=1,urn:adsk.wipprod:dm.lineage:_SblLInhThCBCtVPNvGuDg,ACC-HUN-XX-ZZ-M3-A-0009.pdf,Section D,"",A1,Brief,2023-08-26T19:15:08.000000+00:00,A,Approved
urn:adsk.wipprod:fs.file:vf.26jNZ4LCTuWHqn1p1kV_iw?version=1,urn:adsk.wipprod:dm.lineage:26jNZ4LCTuWHqn1p1kV_iw,ACC-HUN-XX-ZZ-M3-S-0101.pdf,Floor Plan 1,"",A1,Brief,2023-08-26T19:27:03.000000+00:00,A,Approved
urn:adsk.wipprod:fs.file:vf.Q_FV_fhBQMyPBUiFgRnaog?version=1,urn:adsk.wipprod:dm.lineage:Q_FV_fhBQMyPBUiFgRnaog,ACC-HUN-XX-ZZ-M3-S-0105.pdf,Floor Plan 5,"",A1,Brief,2023-08-26T19:27:04.000000+00:00,A,Approved w/ comments
urn:adsk.wipprod:fs.file:vf.4zzd5T4WQpK50kIv61VD0Q?version=1,urn:adsk.wipprod:dm.lineage:4zzd5T4WQpK50kIv61VD0Q,ACC-HUN-XX-ZZ-M3-S-0110.pdf,Section E,"",A1,Brief,2023-08-26T19:27:06.000000+00:00,A,Approved
urn:adsk.wipprod:fs.file:vf.Qa1zx0A4RJ2zmzr-s6UmfA?version=1,urn:adsk.wipprod:dm.lineage:Qa1zx0A4RJ2zmzr-s6UmfA,ACC-HUN-XX-ZZ-M3-S-0107.pdf,Section B,"",A1,Brief,2023-08-26T19:27:10.000000+00:00,A,Approved w/ comments
urn:adsk.wipprod:fs.file:vf.h5Yhv-DCQP6bD_fIoJ5MYA?version=1,urn:adsk.wipprod:dm.lineage:h5Yhv-DCQP6bD_fIoJ5MYA,ACC-HUN-XX-ZZ-M3-S-0103.pdf,Floor Plan 3,"",A1,Brief,2023-08-26T19:27:08.000000+00:00,A,Approved
urn:adsk.wipprod:fs.file:vf.q-fMyRdITXe47hFCsTE6vQ?version=1,urn:adsk.wipprod:dm.lineage:q-fMyRdITXe47hFCsTE6vQ,ACC-HUN-XX-ZZ-M3-S-0102.pdf,Floor Plan 2,"",A1,Brief,2023-08-26T19:27:12.000000+00:00,A,Approved
urn:adsk.wipprod:fs.file:vf.IOAhc1t6SPuVSPQkRZ_vIg?version=1,urn:adsk.wipprod:dm.lineage:IOAhc1t6SPuVSPQkRZ_vIg,ACC-HUN-XX-ZZ-M3-S-0104.pdf,Floor Plan 4,"",A1,Brief,2023-08-26T19:27:14.000000+00:00,A,Approved w/ comments
urn:adsk.wipprod:fs.file:vf.AA1KVE3vQkq18DftI3cQQg?version=1,urn:adsk.wipprod:dm.lineage:AA1KVE3vQkq18DftI3cQQg,ACC-HUN-XX-ZZ-M3-S-0108.pdf,Section C,"",A1,Brief,2023-08-26T19:27:16.000000+00:00,A,Approved
urn:adsk.wipprod:fs.file:vf.4LK09mUJSQiQOpbAWBQl0A?version=1,urn:adsk.wipprod:dm.lineage:4LK09mUJSQiQOpbAWBQl0A,ACC-HUN-XX-ZZ-M3-S-0106.pdf,Section A,"",A1,Brief,2023-08-26T19:27:19.000000+00:00,A,Approved
urn:adsk.wipprod:fs.file:vf.vYcQZn5US--lrmYwNqaMQA?version=1,urn:adsk.wipprod:dm.lineage:vYcQZn5US--lrmYwNqaMQA,ACC-HUN-XX-ZZ-M3-S-0109.pdf,Section D,"",A1,Brief,2023-08-26T19:27:17.000000+00:00,A,Approved
urn:adsk.wipprod:fs.file:vf.ZnQVfsxSTXKAK32ARX5UNQ?version=1,urn:adsk.wipprod:dm.lineage:ZnQVfsxSTXKAK32ARX5UNQ,ACC-HUN-XX-ZZ-M3-M-0106.pdf,Section A,"",A1,Brief,2023-08-26T19:37:57.000000+00:00,A,Approved
urn:adsk.wipprod:fs.file:vf.kpkVJi5SRay7tz_3zPsKBA?version=1,urn:adsk.wipprod:dm.lineage:kpkVJi5SRay7tz_3zPsKBA,ACC-HUN-XX-ZZ-M3-M-0102.pdf,Floor Plan 2,"",A1,Brief,2023-08-26T19:37:59.000000+00:00,A,Approved w/ comments
urn:adsk.wipprod:fs.file:vf.-KYhoNziSgeTJS6BLFJCVA?version=1,urn:adsk.wipprod:dm.lineage:-KYhoNziSgeTJS6BLFJCVA,ACC-HUN-XX-ZZ-M3-M-0104.pdf,Floor Plan 4,"",A1,Brief,2023-08-26T19:38:01.000000+00:00,A,Approved
urn:adsk.wipprod:fs.file:vf.mYKgLRKqT1CF1hAsGbl5OA?version=1,urn:adsk.wipprod:dm.lineage:mYKgLRKqT1CF1hAsGbl5OA,ACC-HUN-XX-ZZ-M3-M-0103.pdf,Floor Plan 3,"",A1,Brief,2023-08-26T19:38:03.000000+00:00,A,Approved
urn:adsk.wipprod:fs.file:vf.yZw2PC2ZQsGB05uairuSeA?version=1,urn:adsk.wipprod:dm.lineage:yZw2PC2ZQsGB05uairuSeA,ACC-HUN-XX-ZZ-M3-M-0108.pdf,Section C,"",A1,Brief,2023-08-26T19:38:05.000000+00:00,A,Approved w/ comments
urn:adsk.wipprod:fs.file:vf.JV-82b4bTGecyG9kFBRdeg?version=1,urn:adsk.wipprod:dm.lineage:JV-82b4bTGecyG9kFBRdeg,ACC-HUN-XX-ZZ-M3-M-0101.pdf,Floor Plan 1,"",A1,Brief,2023-08-26T19:38:06.000000+00:00,A,Approved
urn:adsk.wipprod:fs.file:vf._eYYY5lNQB-HhCOkYTXEfA?version=1,urn:adsk.wipprod:dm.lineage:_eYYY5lNQB-HhCOkYTXEfA,ACC-HUN-XX-ZZ-M3-M-0105.pdf,Floor Plan 5,"",A1,Brief,2023-08-26T19:38:08.000000+00:00,A,Approved w/ comments
urn:adsk.wipprod:fs.file:vf.N5ayZdyoQU64CtWDNifT9Q?version=1,urn:adsk.wipprod:dm.lineage:N5ayZdyoQU64CtWDNifT9Q,ACC-HUN-XX-ZZ-M3-M-0107.pdf,Section B,"",A1,Brief,2023-08-26T19:38:10.000000+00:00,A,Approved
urn:adsk.wipprod:fs.file:vf.4Z7McdMcSTSBAuu_fzWwmQ?version=1,urn:adsk.wipprod:dm.lineage:4Z7McdMcSTSBAuu_fzWwmQ,ACC-HUN-XX-ZZ-M3-M-0110.pdf,Section E,"",A1,Brief,2023-08-26T19:38:12.000000+00:00,A,Approved
urn:adsk.wipprod:fs.file:vf.js4Xxy_kT2uN_VKkx4idCw?version=1,urn:adsk.wipprod:dm.lineage:js4Xxy_kT2uN_VKkx4idCw,ACC-HUN-XX-ZZ-M3-M-0109.pdf,Section D,"",A1,Brief,2023-08-26T19:38:14.000000+00:00,A,Approved
