Item_id,Document_id,document_name,Document_title,Shared_folder,Status,Stage,Created_at,Revision,Approval_status
urn:adsk.wipprod:fs.file:vf.DrFd1hwuRmWkKitbMOWfAw?version=2,urn:adsk.wipprod:dm.lineage:DrFd1hwuRmWkKitbMOWfAw,ACC-HUN-XX-ZZ-M3-A-0011.pdf,Stairs S1,2.1 ARCH,A2,Concept,2023-08-27T19:55:06.000000+00:00,A,Approved
urn:adsk.wipprod:fs.file:vf.nItirQj1R2GRl0-CJm4oyw?version=2,urn:adsk.wipprod:dm.lineage:nItirQj1R2GRl0-CJm4oyw,ACC-HUN-XX-ZZ-M3-A-0012.pdf,Stairs S2,2.1 ARCH,A2,Concept,2023-08-27T19:55:08.000000+00:00,A,Approved
urn:adsk.wipprod:fs.file:vf.ZsyV-K0NTp6ctoQj8S34yA?version=2,urn:adsk.wipprod:dm.lineage:ZsyV-K0NTp6ctoQj8S34yA,ACC-HUN-XX-ZZ-M3-A-0007.pdf,Section B,2.1 ARCH,A2,Concept,2023-08-27T19:55:10.000000+00:00,A,Approved w/ comments
urn:adsk.wipprod:fs.file:vf.SXPYt6uSRxuNUlr64btO-A?version=2,urn:adsk.wipprod:dm.lineage:SXPYt6uSRxuNUlr64btO-A,ACC-HUN-XX-ZZ-M3-A-0003.pdf,Floor Plan 3,2.1 ARCH,A2,Concept,2023-08-27T19:55:12.000000+00:00,A,Approved
urn:adsk.wipprod:fs.file:vf.7QI_qkDeSEi1Ppe696OFXg?version=2,urn:adsk.wipprod:dm.lineage:7QI_qkDeSEi1Ppe696OFXg,ACC-HUN-XX-ZZ-M3-A-0004.pdf,Floor Plan 4,2.1 ARCH,A2,Concept,2023-08-27T19:55:14.000000+00:00,A,Approved
urn:adsk.wipprod:fs.file:vf.7gCpyUMuRMC9BFn0CpWMfA?version=2,urn:adsk.wipprod:dm.lineage:7gCpyUMuRMC9BFn0CpWMfA,ACC-HUN-XX-ZZ-M3-A-0008.pdf,Section C,2.1 ARCH,A2,Concept,2023-08-27T19:55:16.000000+00:00,A,Approved
urn:adsk.wipprod:fs.file:vf.e03ysSkdSNuuJ5O2-kIeqQ?version=2,urn:adsk.wipprod:dm.lineage:e03ysSkdSNuuJ5O2-kIeqQ,ACC-HUN-XX-ZZ-M3-A-0006.pdf,Section A,2.1 ARCH,A2,Concept,2023-08-27T19:55:18.000000+00:00,A,Approved
urn:adsk.wipprod:fs.file:vf.i6ru5NEdQ3-ezQmAqc1bxQ?version=2,urn:adsk.wipprod:dm.lineage:i6ru5NEdQ3-ezQmAqc1bxQ,ACC-HUN-XX-ZZ-M3-A-0005.pdf,Floor Plan 5,2.1 ARCH,A2,Concept,2023-08-27T19:55:20.000000+00:00,A,Approved
urn:adsk.wipprod:fs.file:vf.MhENYsdZScapfQTmSXbvXg?version=2,urn:adsk.wipprod:dm.lineage:MhENYsdZScapfQTmSXbvXg,ACC-HUN-XX-ZZ-M3-A-0002.pdf,Floor Plan 2,2.1 ARCH,A2,Concept,2023-08-27T19:55:21.000000+00:00,A,Approved w/ comments
urn:adsk.wipprod:fs.file:vf.9fj53H9TRx2qOLbeu4JnUA?version=2,urn:adsk.wipprod:dm.lineage:9fj53H9TRx2qOLbeu4JnUA,ACC-HUN-XX-ZZ-M3-A-0010.pdf,Section E,2.1 ARCH,A2,Concept,2023-08-27T19:55:23.000000+00:00,A,Approved
urn:adsk.wipprod:fs.file:vf.JLbZzWHiRiWkRHGaYSEM8A?version=2,urn:adsk.wipprod:dm.lineage:JLbZzWHiRiWkRHGaYSEM8A,ACC-HUN-XX-ZZ-M3-A-0001.pdf,Floor Plan 1,2.1 ARCH,A2,Concept,2023-08-27T19:55:25.000000+00:00,A,Approved
urn:adsk.wipprod:fs.file:vf._SblLInhThCBCtVPNvGuDg?version=2,urn:adsk.wipprod:dm.lineage:_SblLInhThCBCtVPNvGuDg,ACC-HUN-XX-ZZ-M3-A-0009.pdf,Section D,2.1 ARCH,A2,Concept,2023-08-27T19:55:27.000000+00:00,A,Approved w/ comments
urn:adsk.wipprod:fs.file:vf.vYcQZn5US--lrmYwNqaMQA?version=2,urn:adsk.wipprod:dm.lineage:vYcQZn5US--lrmYwNqaMQA,ACC-HUN-XX-ZZ-M3-S-0109.pdf,Section D,2.2 STR,A2,Concept,2023-08-27T20:00:08.000000+00:00,A,Approved w/ comments
urn:adsk.wipprod:fs.file:vf.Q_FV_fhBQMyPBUiFgRnaog?version=2,urn:adsk.wipprod:dm.lineage:Q_FV_fhBQMyPBUiFgRnaog,ACC-HUN-XX-ZZ-M3-S-0105.pdf,Floor Plan 5,2.2 STR,A2,Concept,2023-08-27T20:00:06.000000+00:00,A,Approved
urn:adsk.wipprod:fs.file:vf.IOAhc1t6SPuVSPQkRZ_vIg?version=2,urn:adsk.wipprod:dm.lineage:IOAhc1t6SPuVSPQkRZ_vIg,ACC-HUN-XX-ZZ-M3-S-0104.pdf,Floor Plan 4,2.2 STR,A2,Concept,2023-08-27T20:00:10.000000+00:00,A,Approved
urn:adsk.wipprod:fs.file:vf.Qa1zx0A4RJ2zmzr-s6UmfA?version=2,urn:adsk.wipprod:dm.lineage:Qa1zx0A4RJ2zmzr-s6UmfA,ACC-HUN-XX-ZZ-M3-S-0107.pdf,Section B,2.2 STR,A2,Concept,2023-08-27T20:00:12.000000+00:00,A,Approved
urn:adsk.wipprod:fs.file:vf.4LK09mUJSQiQOpbAWBQl0A?version=2,urn:adsk.wipprod:dm.lineage:4LK09mUJSQiQOpbAWBQl0A,ACC-HUN-XX-ZZ-M3-S-0106.pdf,Section A,2.2 STR,A2,Concept,2023-08-27T20:00:16.000000+00:00,A,Approved
urn:adsk.wipprod:fs.file:vf.q-fMyRdITXe47hFCsTE6vQ?version=2,urn:adsk.wipprod:dm.lineage:q-fMyRdITXe47hFCsTE6vQ,ACC-HUN-XX-ZZ-M3-S-0102.pdf,Floor Plan 2,2.2 STR,A2,Concept,2023-08-27T20:00:14.000000+00:00,A,Approved
urn:adsk.wipprod:fs.file:vf.4zzd5T4WQpK50kIv61VD0Q?version=2,urn:adsk.wipprod:dm.lineage:4zzd5T4WQpK50kIv61VD0Q,ACC-HUN-XX-ZZ-M3-S-0110.pdf,Section E,2.2 STR,A2,Concept,2023-08-27T20:00:17.000000+00:00,A,Approved w/ comments
urn:adsk.wipprod:fs.file:vf.AA1KVE3vQkq18DftI3cQQg?version=2,urn:adsk.wipprod:dm.lineage:AA1KVE3vQkq18DftI3cQQg,ACC-HUN-XX-ZZ-M3-S-0108.pdf,Section C,2.2 STR,A2,Concept,2023-08-27T20:00:19.000000+00:00,A,Approved w/ comments
urn:adsk.wipprod:fs.file:vf.h5Yhv-DCQP6bD_fIoJ5MYA?version=2,urn:adsk.wipprod:dm.lineage:h5Yhv-DCQP6bD_fIoJ5MYA,ACC-HUN-XX-ZZ-M3-S-0103.pdf,Floor Plan 3,2.2 STR,A2,Concept,2023-08-27T20:00:21.000000+00:00,A,Approved
urn:adsk.wipprod:fs.file:vf.26jNZ4LCTuWHqn1p1kV_iw?version=2,urn:adsk.wipprod:dm.lineage:26jNZ4LCTuWHqn1p1kV_iw,ACC-HUN-XX-ZZ-M3-S-0101.pdf,Floor Plan 1,2.2 STR,A2,Concept,2023-08-27T20:00:23.000000+00:00,A,Approved
urn:adsk.wipprod:fs.file:vf.JV-82b4bTGecyG9kFBRdeg?version=2,urn:adsk.wipprod:dm.lineage:JV-82b4bTGecyG9kFBRdeg,ACC-HUN-XX-ZZ-M3-M-0101.pdf,Floor Plan 1,2.3 MEP,A2,Concept,2023-08-27T20:10:49.000000+00:00,A,Approved
urn:adsk.wipprod:fs.file:vf._eYYY5lNQB-HhCOkYTXEfA?version=2,urn:adsk.wipprod:dm.lineage:_eYYY5lNQB-HhCOkYTXEfA,ACC-HUN-XX-ZZ-M3-M-0105.pdf,Floor Plan 5,2.3 MEP,A2,Concept,2023-08-27T20:10:51.000000+00:00,A,Approved w/ comments
urn:adsk.wipprod:fs.file:vf.kpkVJi5SRay7tz_3zPsKBA?version=2,urn:adsk.wipprod:dm.lineage:kpkVJi5SRay7tz_3zPsKBA,ACC-HUN-XX-ZZ-M3-M-0102.pdf,Floor Plan 2,2.3 MEP,A2,Concept,2023-08-27T20:10:52.000000+00:00,A,Approved w/ comments
urn:adsk.wipprod:fs.file:vf.mYKgLRKqT1CF1hAsGbl5OA?version=2,urn:adsk.wipprod:dm.lineage:mYKgLRKqT1CF1hAsGbl5OA,ACC-HUN-XX-ZZ-M3-M-0103.pdf,Floor Plan 3,2.3 MEP,A2,Concept,2023-08-27T20:10:54.000000+00:00,A,Approved
urn:adsk.wipprod:fs.file:vf.-KYhoNziSgeTJS6BLFJCVA?version=2,urn:adsk.wipprod:dm.lineage:-KYhoNziSgeTJS6BLFJCVA,ACC-HUN-XX-ZZ-M3-M-0104.pdf,Floor Plan 4,2.3 MEP,A2,Concept,2023-08-27T20:10:56.000000+00:00,A,Approved
urn:adsk.wipprod:fs.file:vf.mYKgLRKqT1CF1hAsGbl5OA?version=3,urn:adsk.wipprod:dm.lineage:mYKgLRKqT1CF1hAsGbl5OA,ACC-HUN-XX-ZZ-M3-M-0103.pdf,Floor Plan 3,2.3 MEP,A2,Concept,2023-08-28T08:45:45.000000+00:00,B,Approved
urn:adsk.wipprod:fs.file:vf.kpkVJi5SRay7tz_3zPsKBA?version=3,urn:adsk.wipprod:dm.lineage:kpkVJi5SRay7tz_3zPsKBA,ACC-HUN-XX-ZZ-M3-M-0102.pdf,Floor Plan 2,2.3 MEP,A2,Concept,2023-08-28T08:45:48.000000+00:00,B,Approved
urn:adsk.wipprod:fs.file:vf.JV-82b4bTGecyG9kFBRdeg?version=3,urn:adsk.wipprod:dm.lineage:JV-82b4bTGecyG9kFBRdeg,ACC-HUN-XX-ZZ-M3-M-0101.pdf,Floor Plan 1,2.3 MEP,A2,Concept,2023-08-28T08:45:46.000000+00:00,B,Approved w/ comments
