Item_id,Document_id,document_name,Document_title,Shared_folder,Status,Stage,Created_at,Revision,Approval_status
urn:adsk.wipprod:fs.file:vf.DrFd1hwuRmWkKitbMOWfAw?version=3,urn:adsk.wipprod:dm.lineage:DrFd1hwuRmWkKitbMOWfAw,ACC-HUN-XX-ZZ-M3-A-0011.pdf,Stairs S1,2.1 ARCH,A3,Design,2023-08-28T08:31:29.000000+00:00,A,Approved w/ comments
urn:adsk.wipprod:fs.file:vf._SblLInhThCBCtVPNvGuDg?version=3,urn:adsk.wipprod:dm.lineage:_SblLInhThCBCtVPNvGuDg,ACC-HUN-XX-ZZ-M3-A-0009.pdf,Section D,2.1 ARCH,A3,Design,2023-08-28T08:31:30.000000+00:00,A,Approved w/ comments
urn:adsk.wipprod:fs.file:vf.nItirQj1R2GRl0-CJm4oyw?version=3,urn:adsk.wipprod:dm.lineage:nItirQj1R2GRl0-CJm4oyw,ACC-HUN-XX-ZZ-M3-A-0012.pdf,Stairs S2,2.1 ARCH,A3,Design,2023-08-28T08:31:34.000000+00:00,A,Approved
urn:adsk.wipprod:fs.file:vf.9fj53H9TRx2qOLbeu4JnUA?version=3,urn:adsk.wipprod:dm.lineage:9fj53H9TRx2qOLbeu4JnUA,ACC-HUN-XX-ZZ-M3-A-0010.pdf,Section E,2.1 ARCH,A3,Design,2023-08-28T08:31:32.000000+00:00,A,Approved
urn:adsk.wipprod:fs.file:vf.q-fMyRdITXe47hFCsTE6vQ?version=3,urn:adsk.wipprod:dm.lineage:q-fMyRdITXe47hFCsTE6vQ,ACC-HUN-XX-ZZ-M3-S-0102.pdf,Floor Plan 2,2.2 STR,A3,Design,2023-08-28T08:34:48.000000+00:00,A,Approved
urn:adsk.wipprod:fs.file:vf.26jNZ4LCTuWHqn1p1kV_iw?version=3,urn:adsk.wipprod:dm.lineage:26jNZ4LCTuWHqn1p1kV_iw,ACC-HUN-XX-ZZ-M3-S-0101.pdf,Floor Plan 1,2.2 STR,A3,Design,2023-08-28T08:34:50.000000+00:00,A,Approved
urn:adsk.wipprod:fs.file:vf.4LK09mUJSQiQOpbAWBQl0A?version=3,urn:adsk.wipprod:dm.lineage:4LK09mUJSQiQOpbAWBQl0A,ACC-HUN-XX-ZZ-M3-S-0106.pdf,Section A,2.2 STR,A3,Design,2023-08-28T08:34:46.000000+00:00,A,Approved
urn:adsk.wipprod:fs.file:vf.h5Yhv-DCQP6bD_fIoJ5MYA?version=3,urn:adsk.wipprod:dm.lineage:h5Yhv-DCQP6bD_fIoJ5MYA,ACC-HUN-XX-ZZ-M3-S-0103.pdf,Floor Plan 3,2.2 STR,A3,Design,2023-08-28T08:34:52.000000+00:00,A,Approved
