item_id,document_name
urn:adsk.wipprod:dm.lineage:-KYhoNziSgeTJS6BLFJCVA,ACC-HUN-XX-ZZ-M3-M-0104.pdf
urn:adsk.wipprod:dm.lineage:26jNZ4LCTuWHqn1p1kV_iw,ACC-HUN-XX-ZZ-M3-S-0101.pdf
urn:adsk.wipprod:dm.lineage:4LK09mUJSQiQOpbAWBQl0A,ACC-HUN-XX-ZZ-M3-S-0106.pdf
urn:adsk.wipprod:dm.lineage:4Z7McdMcSTSBAuu_fzWwmQ,ACC-HUN-XX-ZZ-M3-M-0110.pdf
urn:adsk.wipprod:dm.lineage:4zzd5T4WQpK50kIv61VD0Q,ACC-HUN-XX-ZZ-M3-S-0110.pdf
urn:adsk.wipprod:dm.lineage:7QI_qkDeSEi1Ppe696OFXg,ACC-HUN-XX-ZZ-M3-A-0004.pdf
urn:adsk.wipprod:dm.lineage:7gCpyUMuRMC9BFn0CpWMfA,ACC-HUN-XX-ZZ-M3-A-0008.pdf
urn:adsk.wipprod:dm.lineage:9fj53H9TRx2qOLbeu4JnUA,ACC-HUN-XX-ZZ-M3-A-0010.pdf
urn:adsk.wipprod:dm.lineage:AA1KVE3vQkq18DftI3cQQg,ACC-HUN-XX-ZZ-M3-S-0108.pdf
urn:adsk.wipprod:dm.lineage:DrFd1hwuRmWkKitbMOWfAw,ACC-HUN-XX-ZZ-M3-A-0011.pdf
urn:adsk.wipprod:dm.lineage:IOAhc1t6SPuVSPQkRZ_vIg,ACC-HUN-XX-ZZ-M3-S-0104.pdf
urn:adsk.wipprod:dm.lineage:JLbZzWHiRiWkRHGaYSEM8A,ACC-HUN-XX-ZZ-M3-A-0001.pdf
urn:adsk.wipprod:dm.lineage:JV-82b4bTGecyG9kFBRdeg,ACC-HUN-XX-ZZ-M3-M-0101.pdf
urn:adsk.wipprod:dm.lineage:MhENYsdZScapfQTmSXbvXg,ACC-HUN-XX-ZZ-M3-A-0002.pdf
urn:adsk.wipprod:dm.lineage:N5ayZdyoQU64CtWDNifT9Q,ACC-HUN-XX-ZZ-M3-M-0107.pdf
urn:adsk.wipprod:dm.lineage:Q_FV_fhBQMyPBUiFgRnaog,ACC-HUN-XX-ZZ-M3-S-0105.pdf
urn:adsk.wipprod:dm.lineage:Qa1zx0A4RJ2zmzr-s6UmfA,ACC-HUN-XX-ZZ-M3-S-0107.pdf
urn:adsk.wipprod:dm.lineage:SXPYt6uSRxuNUlr64btO-A,ACC-HUN-XX-ZZ-M3-A-0003.pdf
urn:adsk.wipprod:dm.lineage:ZnQVfsxSTXKAK32ARX5UNQ,ACC-HUN-XX-ZZ-M3-M-0106.pdf
urn:adsk.wipprod:dm.lineage:ZsyV-K0NTp6ctoQj8S34yA,ACC-HUN-XX-ZZ-M3-A-0007.pdf
urn:adsk.wipprod:dm.lineage:_SblLInhThCBCtVPNvGuDg,ACC-HUN-XX-ZZ-M3-A-0009.pdf
urn:adsk.wipprod:dm.lineage:_eYYY5lNQB-HhCOkYTXEfA,ACC-HUN-XX-ZZ-M3-M-0105.pdf
urn:adsk.wipprod:dm.lineage:e03ysSkdSNuuJ5O2-kIeqQ,ACC-HUN-XX-ZZ-M3-A-0006.pdf
urn:adsk.wipprod:dm.lineage:h5Yhv-DCQP6bD_fIoJ5MYA,ACC-HUN-XX-ZZ-M3-S-0103.pdf
urn:adsk.wipprod:dm.lineage:i6ru5NEdQ3-ezQmAqc1bxQ,ACC-HUN-XX-ZZ-M3-A-0005.pdf
urn:adsk.wipprod:dm.lineage:js4Xxy_kT2uN_VKkx4idCw,ACC-HUN-XX-ZZ-M3-M-0109.pdf
urn:adsk.wipprod:dm.lineage:kpkVJi5SRay7tz_3zPsKBA,ACC-HUN-XX-ZZ-M3-M-0102.pdf
urn:adsk.wipprod:dm.lineage:mYKgLRKqT1CF1hAsGbl5OA,ACC-HUN-XX-ZZ-M3-M-0103.pdf
urn:adsk.wipprod:dm.lineage:nItirQj1R2GRl0-CJm4oyw,ACC-HUN-XX-ZZ-M3-A-0012.pdf
urn:adsk.wipprod:dm.lineage:q-fMyRdITXe47hFCsTE6vQ,ACC-HUN-XX-ZZ-M3-S-0102.pdf
urn:adsk.wipprod:dm.lineage:vYcQZn5US--lrmYwNqaMQA,ACC-HUN-XX-ZZ-M3-S-0109.pdf
urn:adsk.wipprod:dm.lineage:yZw2PC2ZQsGB05uairuSeA,ACC-HUN-XX-ZZ-M3-M-0108.pdf
