project_id,discipline,document_name,brief_stage,concept_stage,Design_stage
b.d4b90f19-02b8-4410-9ca4-cd537c6a6e54,Architectural Drawings,ACC-HUN-XX-ZZ-M3-A-0001.pdf,2023-08-23,2023-09-10,2023-09-22
b.d4b90f19-02b8-4410-9ca4-cd537c6a6e54,Architectural Drawings,ACC-HUN-XX-ZZ-M3-A-0002.pdf,2023-08-30,2023-09-11,2023-09-23
b.d4b90f19-02b8-4410-9ca4-cd537c6a6e54,Architectural Drawings,ACC-HUN-XX-ZZ-M3-A-0003.pdf,2023-09-01,2023-09-12,2023-09-24
b.d4b90f19-02b8-4410-9ca4-cd537c6a6e54,Architectural Drawings,ACC-HUN-XX-ZZ-M3-A-0004.pdf,2023-09-02,2023-09-13,2023-09-25
b.d4b90f19-02b8-4410-9ca4-cd537c6a6e54,Architectural Drawings,ACC-HUN-XX-ZZ-M3-A-0005.pdf,2023-09-03,2023-09-14,2023-09-26
b.d4b90f19-02b8-4410-9ca4-cd537c6a6e54,Architectural Drawings,ACC-HUN-XX-ZZ-M3-A-0006.pdf,2023-09-04,2023-09-15,2023-09-27
b.d4b90f19-02b8-4410-9ca4-cd537c6a6e54,Architectural Drawings,ACC-HUN-XX-ZZ-M3-A-0007.pdf,2023-09-05,2023-09-16,2023-09-28
b.d4b90f19-02b8-4410-9ca4-cd537c6a6e54,Architectural Drawings,ACC-HUN-XX-ZZ-M3-A-0008.pdf,2023-09-06,2023-09-17,2023-09-29
b.d4b90f19-02b8-4410-9ca4-cd537c6a6e54,Architectural Drawings,ACC-HUN-XX-ZZ-M3-A-0009.pdf,2023-09-07,2023-09-18,2023-09-30
b.d4b90f19-02b8-4410-9ca4-cd537c6a6e54,Architectural Drawings,ACC-HUN-XX-ZZ-M3-A-0010.pdf,2023-09-08,2023-09-19,2023-10-01
b.d4b90f19-02b8-4410-9ca4-cd537c6a6e54,Architectural Drawings,ACC-HUN-XX-ZZ-M3-A-0011.pdf,2023-09-09,2023-09-20,2023-10-02
b.d4b90f19-02b8-4410-9ca4-cd537c6a6e54,Architectural Drawings,ACC-HUN-XX-ZZ-M3-A-0012.pdf,2023-09-10,2023-09-21,2023-10-03
b.d4b90f19-02b8-4410-9ca4-cd537c6a6e54,Architectural Drawings,ACC-HUN-XX-ZZ-M3-A-0001.pdf,2023-08-23,2023-09-10,2023-09-22
b.d4b90f19-02b8-4410-9ca4-cd537c6a6e54,Architectural Drawings,ACC-HUN-XX-ZZ-M3-A-0002.pdf,2023-08-30,2023-09-11,2023-09-23
b.d4b90f19-02b8-4410-9ca4-cd537c6a6e54,Architectural Drawings,ACC-HUN-XX-ZZ-M3-A-0003.pdf,2023-09-01,2023-09-12,2023-09-24
b.d4b90f19-02b8-4410-9ca4-cd537c6a6e54,Architectural Drawings,ACC-HUN-XX-ZZ-M3-A-0004.pdf,2023-09-02,2023-09-13,2023-09-25
b.d4b90f19-02b8-4410-9ca4-cd537c6a6e54,Architectural Drawings,ACC-HUN-XX-ZZ-M3-A-0005.pdf,2023-09-03,2023-09-14,2023-09-26
b.d4b90f19-02b8-4410-9ca4-cd537c6a6e54,Architectural Drawings,ACC-HUN-XX-ZZ-M3-A-0006.pdf,2023-09-04,2023-09-15,2023-09-27
b.d4b90f19-02b8-4410-9ca4-cd537c6a6e54,Architectural Drawings,ACC-HUN-XX-ZZ-M3-A-0007.pdf,2023-09-05,2023-09-16,2023-09-28
b.d4b90f19-02b8-4410-9ca4-cd537c6a6e54,Architectural Drawings,ACC-HUN-XX-ZZ-M3-A-0008.pdf,2023-09-06,2023-09-17,2023-09-29
b.d4b90f19-02b8-4410-9ca4-cd537c6a6e54,Architectural Drawings,ACC-HUN-XX-ZZ-M3-A-0009.pdf,2023-09-07,2023-09-18,2023-09-30
b.d4b90f19-02b8-4410-9ca4-cd537c6a6e54,Architectural Drawings,ACC-HUN-XX-ZZ-M3-A-0010.pdf,2023-09-08,2023-09-19,2023-10-01
b.d4b90f19-02b8-4410-9ca4-cd537c6a6e54,Architectural Drawings,ACC-HUN-XX-ZZ-M3-A-0011.pdf,2023-09-09,2023-09-20,2023-10-02
b.d4b90f19-02b8-4410-9ca4-cd537c6a6e54,Architectural Drawings,ACC-HUN-XX-ZZ-M3-A-0012.pdf,2023-09-10,2023-09-21,2023-10-03
b.d4b90f19-02b8-4410-9ca4-cd537c6a6e54,Architectural Drawings,ACC-HUN-XX-ZZ-M3-A-0001.pdf,2023-08-23,2023-09-10,2023-09-22
b.d4b90f19-02b8-4410-9ca4-cd537c6a6e54,Architectural Drawings,ACC-HUN-XX-ZZ-M3-A-0002.pdf,2023-08-30,2023-09-11,2023-09-23
b.d4b90f19-02b8-4410-9ca4-cd537c6a6e54,Architectural Drawings,ACC-HUN-XX-ZZ-M3-A-0003.pdf,2023-09-01,2023-09-12,2023-09-24
b.d4b90f19-02b8-4410-9ca4-cd537c6a6e54,Architectural Drawings,ACC-HUN-XX-ZZ-M3-A-0004.pdf,2023-09-02,2023-09-13,2023-09-25
b.d4b90f19-02b8-4410-9ca4-cd537c6a6e54,Architectural Drawings,ACC-HUN-XX-ZZ-M3-A-0005.pdf,2023-09-03,2023-09-14,2023-09-26
b.d4b90f19-02b8-4410-9ca4-cd537c6a6e54,Architectural Drawings,ACC-HUN-XX-ZZ-M3-A-0006.pdf,2023-09-04,2023-09-15,2023-09-27
b.d4b90f19-02b8-4410-9ca4-cd537c6a6e54,Architectural Drawings,ACC-HUN-XX-ZZ-M3-A-0007.pdf,2023-09-05,2023-09-16,2023-09-28
b.d4b90f19-02b8-4410-9ca4-cd537c6a6e54,Architectural Drawings,ACC-HUN-XX-ZZ-M3-A-0008.pdf,2023-09-06,2023-09-17,2023-09-29
b.d4b90f19-02b8-4410-9ca4-cd537c6a6e54,Architectural Drawings,ACC-HUN-XX-ZZ-M3-A-0009.pdf,2023-09-07,2023-09-18,2023-09-30
b.d4b90f19-02b8-4410-9ca4-cd537c6a6e54,Architectural Drawings,ACC-HUN-XX-ZZ-M3-A-0010.pdf,2023-09-08,2023-09-19,2023-10-01
b.d4b90f19-02b8-4410-9ca4-cd537c6a6e54,Architectural Drawings,ACC-HUN-XX-ZZ-M3-A-0011.pdf,2023-09-09,2023-09-20,2023-10-02
b.d4b90f19-02b8-4410-9ca4-cd537c6a6e54,Architectural Drawings,ACC-HUN-XX-ZZ-M3-A-0012.pdf,2023-09-10,2023-09-21,2023-10-03
b.d4b90f19-02b8-4410-9ca4-cd537c6a6e54,Architectural Drawings,ACC-HUN-XX-ZZ-M3-A-0001.pdf,2023-08-23,2023-09-10,2023-09-22
b.d4b90f19-02b8-4410-9ca4-cd537c6a6e54,Architectural Drawings,ACC-HUN-XX-ZZ-M3-A-0002.pdf,2023-08-30,2023-09-11,2023-09-23
b.d4b90f19-02b8-4410-9ca4-cd537c6a6e54,Architectural Drawings,ACC-HUN-XX-ZZ-M3-A-0003.pdf,2023-09-01,2023-09-12,2023-09-24
b.d4b90f19-02b8-4410-9ca4-cd537c6a6e54,Architectural Drawings,ACC-HUN-XX-ZZ-M3-A-0004.pdf,2023-09-02,2023-09-13,2023-09-25
b.d4b90f19-02b8-4410-9ca4-cd537c6a6e54,Architectural Drawings,ACC-HUN-XX-ZZ-M3-A-0005.pdf,2023-09-03,2023-09-14,2023-09-26
b.d4b90f19-02b8-4410-9ca4-cd537c6a6e54,Architectural Drawings,ACC-HUN-XX-ZZ-M3-A-0006.pdf,2023-09-04,2023-09-15,2023-09-27
b.d4b90f19-02b8-4410-9ca4-cd537c6a6e54,Architectural Drawings,ACC-HUN-XX-ZZ-M3-A-0007.pdf,2023-09-05,2023-09-16,2023-09-28
b.d4b90f19-02b8-4410-9ca4-cd537c6a6e54,Architectural Drawings,ACC-HUN-XX-ZZ-M3-A-0008.pdf,2023-09-06,2023-09-17,2023-09-29
b.d4b90f19-02b8-4410-9ca4-cd537c6a6e54,Architectural Drawings,ACC-HUN-XX-ZZ-M3-A-0009.pdf,2023-09-07,2023-09-18,2023-09-30
b.d4b90f19-02b8-4410-9ca4-cd537c6a6e54,Architectural Drawings,ACC-HUN-XX-ZZ-M3-A-0010.pdf,2023-09-08,2023-09-19,2023-10-01
b.d4b90f19-02b8-4410-9ca4-cd537c6a6e54,Architectural Drawings,ACC-HUN-XX-ZZ-M3-A-0011.pdf,2023-09-09,2023-09-20,2023-10-02
b.d4b90f19-02b8-4410-9ca4-cd537c6a6e54,Architectural Drawings,ACC-HUN-XX-ZZ-M3-A-0012.pdf,2023-09-10,2023-09-21,2023-10-03
b.d4b90f19-02b8-4410-9ca4-cd537c6a6e54,Architectural Drawings,ACC-HUN-XX-ZZ-M3-A-0101.pdf,2023-09-11,2023-09-22,2023-10-04
b.d4b90f19-02b8-4410-9ca4-cd537c6a6e54,Architectural Drawings,ACC-HUN-XX-ZZ-M3-A-0102.pdf,2023-09-12,2023-09-23,2023-10-05
b.d4b90f19-02b8-4410-9ca4-cd537c6a6e54,Architectural Drawings,ACC-HUN-XX-ZZ-M3-A-0103.pdf,2023-09-13,2023-09-24,2023-10-06
b.d4b90f19-02b8-4410-9ca4-cd537c6a6e54,Architectural Drawings,ACC-HUN-XX-ZZ-M3-A-0104.pdf,2023-09-14,2023-09-25,2023-10-07
b.d4b90f19-02b8-4410-9ca4-cd537c6a6e54,Architectural Drawings,ACC-HUN-XX-ZZ-M3-A-0105.pdf,2023-09-15,2023-09-26,2023-10-08
b.d4b90f19-02b8-4410-9ca4-cd537c6a6e54,Architectural Drawings,ACC-HUN-XX-ZZ-M3-A-0106.pdf,2023-09-16,2023-09-27,2023-10-09
b.d4b90f19-02b8-4410-9ca4-cd537c6a6e54,Architectural Drawings,ACC-HUN-XX-ZZ-M3-A-0107.pdf,2023-09-17,2023-09-28,2023-10-10
b.d4b90f19-02b8-4410-9ca4-cd537c6a6e54,Architectural Drawings,ACC-HUN-XX-ZZ-M3-A-0108.pdf,2023-09-18,2023-09-29,2023-10-11
d4b90f19-02b8-4410-9ca4-cd537c6a6e54,Stuctural Drawings,ACC-HUN-XX-ZZ-M3-S-0101.pdf,2023-08-30,2023-09-10,2023-09-22
d4b90f19-02b8-4410-9ca4-cd537c6a6e54,Stuctural Drawings,ACC-HUN-XX-ZZ-M3-S-0102.pdf,2023-08-31,2023-09-11,2023-09-23
d4b90f19-02b8-4410-9ca4-cd537c6a6e54,Stuctural Drawings,ACC-HUN-XX-ZZ-M3-S-0103.pdf,2023-09-01,2023-09-12,2023-09-24
d4b90f19-02b8-4410-9ca4-cd537c6a6e54,Stuctural Drawings,ACC-HUN-XX-ZZ-M3-S-0104.pdf,2023-09-02,2023-09-13,2023-09-25
d4b90f19-02b8-4410-9ca4-cd537c6a6e54,Stuctural Drawings,ACC-HUN-XX-ZZ-M3-S-0105.pdf,2023-09-03,2023-09-14,2023-09-26
d4b90f19-02b8-4410-9ca4-cd537c6a6e54,Stuctural Drawings,ACC-HUN-XX-ZZ-M3-S-0106.pdf,2023-09-04,2023-09-15,2023-09-27
d4b90f19-02b8-4410-9ca4-cd537c6a6e54,Stuctural Drawings,ACC-HUN-XX-ZZ-M3-S-0107.pdf,2023-09-05,2023-09-16,2023-09-28
d4b90f19-02b8-4410-9ca4-cd537c6a6e54,Stuctural Drawings,ACC-HUN-XX-ZZ-M3-S-0108.pdf,2023-09-06,2023-09-17,2023-09-29
d4b90f19-02b8-4410-9ca4-cd537c6a6e54,Stuctural Drawings,ACC-HUN-XX-ZZ-M3-S-0109.pdf,2023-09-07,2023-09-18,2023-09-30
d4b90f19-02b8-4410-9ca4-cd537c6a6e54,Stuctural Drawings,ACC-HUN-XX-ZZ-M3-S-0110.pdf,2023-09-08,2023-09-19,2023-10-01
d4b90f19-02b8-4410-9ca4-cd537c6a6e54,Stuctural Drawings,ACC-HUN-XX-ZZ-M3-S-0201.pdf,2023-09-09,2023-09-20,2023-10-02
d4b90f19-02b8-4410-9ca4-cd537c6a6e54,Stuctural Drawings,ACC-HUN-XX-ZZ-M3-S-0202.pdf,2023-09-10,2023-09-21,2023-10-03
d4b90f19-02b8-4410-9ca4-cd537c6a6e54,Stuctural Drawings,ACC-HUN-XX-ZZ-M3-S-0203.pdf,2023-09-11,2023-09-22,2023-10-04
d4b90f19-02b8-4410-9ca4-cd537c6a6e54,Stuctural Drawings,ACC-HUN-XX-ZZ-M3-S-0204.pdf,2023-09-12,2023-09-23,2023-10-05
d4b90f19-02b8-4410-9ca4-cd537c6a6e54,Stuctural Drawings,ACC-HUN-XX-ZZ-M3-S-0205.pdf,2023-09-13,2023-09-24,2023-10-06
d4b90f19-02b8-4410-9ca4-cd537c6a6e54,Stuctural Drawings,ACC-HUN-XX-ZZ-M3-S-0206.pdf,2023-09-14,2023-09-25,2023-10-07
d4b90f19-02b8-4410-9ca4-cd537c6a6e54,Stuctural Drawings,ACC-HUN-XX-ZZ-M3-S-0207.pdf,2023-09-15,2023-09-26,2023-10-08
d4b90f19-02b8-4410-9ca4-cd537c6a6e54,Stuctural Drawings,ACC-HUN-XX-ZZ-M3-S-0208.pdf,2023-09-16,2023-09-27,2023-10-09
d4b90f19-02b8-4410-9ca4-cd537c6a6e54,MEP Drawings,ACC-HUN-XX-ZZ-M3-M-0101.pdf,2023-08-30,2023-09-10,2023-09-22
d4b90f19-02b8-4410-9ca4-cd537c6a6e54,MEP Drawings,ACC-HUN-XX-ZZ-M3-M-0102.pdf,2023-08-31,2023-09-11,2023-09-23
d4b90f19-02b8-4410-9ca4-cd537c6a6e54,MEP Drawings,ACC-HUN-XX-ZZ-M3-M-0103.pdf,2023-09-01,2023-09-12,2023-09-24
d4b90f19-02b8-4410-9ca4-cd537c6a6e54,MEP Drawings,ACC-HUN-XX-ZZ-M3-M-0104.pdf,2023-09-02,2023-09-13,2023-09-25
d4b90f19-02b8-4410-9ca4-cd537c6a6e54,MEP Drawings,ACC-HUN-XX-ZZ-M3-M-0105.pdf,2023-09-03,2023-09-14,2023-09-26
d4b90f19-02b8-4410-9ca4-cd537c6a6e54,MEP Drawings,ACC-HUN-XX-ZZ-M3-M-0106.pdf,2023-09-04,2023-09-15,2023-09-27
d4b90f19-02b8-4410-9ca4-cd537c6a6e54,MEP Drawings,ACC-HUN-XX-ZZ-M3-M-0107.pdf,2023-09-05,2023-09-16,2023-09-28
d4b90f19-02b8-4410-9ca4-cd537c6a6e54,MEP Drawings,ACC-HUN-XX-ZZ-M3-M-0108.pdf,2023-09-06,2023-09-17,2023-09-29
d4b90f19-02b8-4410-9ca4-cd537c6a6e54,MEP Drawings,ACC-HUN-XX-ZZ-M3-M-0109.pdf,2023-09-07,2023-09-18,2023-09-30
d4b90f19-02b8-4410-9ca4-cd537c6a6e54,MEP Drawings,ACC-HUN-XX-ZZ-M3-M-0110.pdf,2023-09-08,2023-09-19,2023-10-01
d4b90f19-02b8-4410-9ca4-cd537c6a6e54,MEP Drawings,ACC-HUN-XX-ZZ-M3-M-0111.pdf,2023-09-09,2023-09-20,2023-10-02
d4b90f19-02b8-4410-9ca4-cd537c6a6e54,MEP Drawings,ACC-HUN-XX-ZZ-M3-M-0201.pdf,2023-09-10,2023-09-21,2023-10-03
d4b90f19-02b8-4410-9ca4-cd537c6a6e54,MEP Drawings,ACC-HUN-XX-ZZ-M3-M-0202.pdf,2023-09-11,2023-09-22,2023-10-04
d4b90f19-02b8-4410-9ca4-cd537c6a6e54,MEP Drawings,ACC-HUN-XX-ZZ-M3-M-0203.pdf,2023-09-12,2023-09-23,2023-10-05
d4b90f19-02b8-4410-9ca4-cd537c6a6e54,MEP Drawings,ACC-HUN-XX-ZZ-M3-M-0204.pdf,2023-09-13,2023-09-24,2023-10-06
d4b90f19-02b8-4410-9ca4-cd537c6a6e54,MEP Drawings,ACC-HUN-XX-ZZ-M3-M-0205.pdf,2023-09-14,2023-09-25,2023-10-07
d4b90f19-02b8-4410-9ca4-cd537c6a6e54,MEP Drawings,ACC-HUN-XX-ZZ-M3-M-0206.pdf,2023-09-15,2023-09-26,2023-10-08
d4b90f19-02b8-4410-9ca4-cd537c6a6e54,MEP Drawings,ACC-HUN-XX-ZZ-M3-M-0207.pdf,2023-09-16,2023-09-27,2023-10-09
d4b90f19-02b8-4410-9ca4-cd537c6a6e54,MEP Drawings,ACC-HUN-XX-ZZ-M3-M-0208.pdf,2023-09-17,2023-09-28,2023-10-10
